mode,N,ticks,threads,time_ms,std_time_ms,avg_flow,avg_stopped,speedup,efficiency
SEQUENTIAL,1200,2000,1,18.2,0.4472135954999579,1.1165,1198.8835,1.0,1.0
PARALLEL,1200,2000,2,82.0,1.0,1.1165,1198.8835,0.22195121951219512,0.11097560975609756
PARALLEL,1200,2000,4,85.8,1.3038404810405297,1.1165,1198.8835,0.21212121212121213,0.05303030303030303
PARALLEL,1200,2000,8,85.4,0.5477225575051661,1.1165,1198.8835,0.21311475409836064,0.02663934426229508
